Driver_id,Driver_name,avgDelivTime,total_deliveries,driver_location
469,Benjamin Collins,00:35:24,472,"37.88312583086898, 127.73614140725172"
566,Whitney Sawyer,00:42:49,509,"37.85979659050311, 127.75099212817992"
448,James Raymond,00:55:07,489,"37.85948995809716, 127.70203295252881"
471,Olivia Hoffman,00:28:28,464,"37.889172257316964, 127.8450309523902"
466,Gary Jackson,00:46:30,486,"37.87203624532934, 127.72779160118719"
