Driver_id,total_distance
1,668311.0824334348
2,798706.4053450323
3,741865.6368948597
4,701793.5796136501
5,760065.5882759311
