Driver_id,total_sales,performance_id,total_distance
1,10282.1,P0,4428.475000000003
2,11358.4,P1,3332.272
3,9532.4,P2,3427.361
4,9315.5,P3,5235.005000000002
5,10749.1,P4,4290.211999999998
