performance_id,Driver_id,total_sales,total_distance
P0,1,10282.1,4428.475000000003
P1,2,11358.4,3332.272
P2,3,9532.4,3427.361
P3,4,9315.5,5235.005000000002
P4,5,10749.1,4290.211999999998
